,plort,day,value,stdev
0,Honey,2,59,60.0
1,Saber,7,83,49.0
2,Tabby,8,31,48.0
3,Dervish,8,114,57.0
4,Mosaic,8,109,53.0
5,Gold,8,455,57.0
6,Rock,9,34,55.0
7,Honey,9,83,77.0
8,Fire,9,75,66.0
9,Hunter,9,99,65.0
10,Phosphor,10,31,46.0
11,Rad,10,67,53.0
12,Puddle,10,54,36.0
13,Quantum,10,108,73.0
14,Tangle,10,106,49.0
15,Rad,11,67,53.0
16,Tangle,11,106,48.0
17,Crystal,12,76,39.0
18,Pink,15,17,58.0
19,Boom,15,66,51.0
20,Dervish,15,105,47.0
21,Hunter,15,99,62.0
22,Gold,15,419,47.0
23,Phosphor,16,33,51.0
24,Tabby,16,30,44.0
25,Honey,16,69,55.0
26,Puddle,16,62,46.0
27,Quantum,16,87,50.0
28,Phosphor,17,33,52.0
29,Tabby,17,30,44.0
30,Mosaic,17,111,52.0
31,Rock,19,31,45.0
32,Rock,20,31,46.0
33,Rock,21,31,46.0
34,Fire,21,67,52.0
35,Rock,22,31,45.0
36,Fire,22,67,52.0
37,Tangle,23,93,37.0
38,Rad,24,62,45.0
39,Tangle,24,93,37.0
40,Pink,26,16,53.0
41,Tabby,26,34,53.0
42,Honey,26,76,64.0
43,Crystal,26,99,62.0
44,Saber,26,114,78.0
45,Pink,27,16,56.0
46,Tabby,27,34,53.0
47,Puddle,27,82,73.0
48,Crystal,27,99,62.0
49,Dervish,27,137,73.0
50,Mosaic,27,104,46.0
51,Gold,27,548,73.0
52,Pink,28,16,56.0
53,Rock,28,36,59.0
54,Phosphor,28,38,64.0
55,Boom,28,84,76.0
56,Quantum,28,96,60.0
57,Hunter,29,89,51.0
58,Tangle,33,101,44.0
59,Rock,34,32,47.0
60,Rad,34,57,38.0
61,Tangle,34,101,44.0
62,Saber,34,84,47.0
63,Rock,35,32,49.0
64,Phosphor,35,33,50.0
65,Tabby,35,35,56.0
66,Honey,35,66,50.0
67,Boom,35,71,58.0
68,Fire,35,75,64.0
69,Crystal,35,89,52.0
70,Quantum,35,71,33.0
71,Hunter,35,89,52.0
72,Saber,35,84,46.0
73,Pink,36,16,52.0
74,Rock,36,32,48.0
75,Rad,36,57,38.0
76,Honey,36,66,51.0
77,Boom,36,71,58.0
78,Fire,36,75,63.0
79,Dervish,36,119,59.0
80,Hunter,36,89,52.0
81,Mosaic,36,92,36.0
82,Gold,36,477,59.0
83,Pink,37,16,52.0
84,Rock,43,34,53.0
85,Phosphor,43,26,32.0
86,Tabby,43,33,50.0
87,Boom,43,62,45.0
88,Puddle,43,62,45.0
89,Quantum,43,62,24.0
90,Phosphor,44,26,31.0
91,Tabby,44,33,50.0
92,Puddle,44,62,46.0
93,Fire,44,68,53.0
94,Dervish,44,104,46.0
95,Mosaic,44,100,42.0
96,Tangle,44,89,33.0
97,Gold,44,415,46.0
98,Rad,46,55,36.0
99,Crystal,46,77,40.0
100,Rad,47,55,35.0
101,Crystal,47,77,40.0
102,Honey,48,58,40.0
103,Honey,49,58,40.0
104,Honey,50,58,39.0
105,Hunter,51,88,51.0
106,Pink,52,14,40.0
107,Tangle,52,102,44.0
108,Pink,53,14,42.0
109,Rad,53,63,47.0
110,Honey,53,58,40.0
111,Tangle,53,102,44.0
112,Saber,53,86,48.0
113,Pink,54,14,43.0
114,Rock,54,33,50.0
115,Phosphor,54,34,52.0
116,Tabby,54,36,59.0
117,Rad,54,63,46.0
118,Boom,54,69,55.0
119,Fire,54,68,54.0
120,Quantum,54,90,53.0
121,Saber,54,86,49.0
122,Pink,55,14,41.0
123,Rock,55,33,52.0
124,Tabby,55,36,59.0
125,Honey,55,58,40.0
126,Boom,55,69,55.0
127,Quantum,55,90,53.0
128,Crystal,56,78,40.0
129,Dervish,56,109,50.0
130,Mosaic,56,89,34.0
131,Gold,56,436,50.0
132,Boom,61,65,49.0
133,Rad,62,62,45.0
134,Honey,62,74,61.0
135,Boom,62,65,49.0
136,Hunter,62,87,50.0
137,Honey,63,74,62.0
138,Hunter,63,87,50.0
139,Pink,64,18,64.0
140,Phosphor,64,42,76.0
141,Crystal,64,105,69.0
142,Quantum,64,92,55.0
143,Rock,65,44,81.0
144,Phosphor,65,42,77.0
145,Fire,65,88,82.0
146,Tangle,65,123,62.0
147,Saber,65,96,60.0
148,Puddle,66,84,76.0
149,Fire,66,88,81.0
150,Mosaic,66,112,52.0
151,Dervish,67,113,54.0
152,Gold,67,453,54.0
153,Tabby,69,32,48.0
154,Hunter,69,74,37.0
155,Tabby,70,32,49.0
156,Rad,70,61,43.0
157,Quantum,70,76,38.0
158,Hunter,70,74,36.0
159,Tabby,71,32,47.0
160,Rad,71,61,44.0
161,Quantum,71,76,38.0
162,Rad,72,61,43.0
163,Saber,75,80,43.0
164,Honey,76,84,76.0
165,Boom,76,77,66.0
166,Puddle,76,68,54.0
167,Mosaic,76,106,47.0
168,Pink,77,15,46.0
169,Rock,77,34,53.0
170,Phosphor,77,38,64.0
171,Rad,77,72,59.0
172,Puddle,77,68,54.0
173,Crystal,77,84,46.0
174,Quantum,77,106,69.0
175,Dervish,77,108,49.0
176,Hunter,77,95,58.0
177,Gold,77,432,49.0
178,Pink,78,15,50.0
179,Tabby,78,37,61.0
180,Rad,78,72,59.0
181,Fire,78,66,50.0
182,Tangle,78,132,69.0
183,Pink,79,15,46.0
184,Boom,82,53,32.0
185,Fire,82,67,52.0
186,Hunter,82,86,48.0
187,Mosaic,82,103,45.0
188,Boom,83,53,33.0
189,Crystal,83,92,55.0
190,Hunter,83,86,49.0
191,Saber,83,73,35.0
192,Puddle,84,51,30.0
193,Saber,84,73,36.0
194,Rad,87,62,45.0
195,Pink,88,13,34.0
196,Tabby,88,34,52.0
197,Rad,88,62,46.0
198,Puddle,88,52,31.0
199,Fire,88,71,58.0
200,Crystal,88,78,41.0
201,Dervish,88,110,51.0
202,Gold,88,439,51.0
203,Pink,89,13,36.0
204,Rock,89,30,43.0
205,Phosphor,89,32,48.0
206,Honey,89,56,36.0
207,Crystal,89,78,40.0
208,Quantum,89,81,43.0
209,Tangle,89,98,41.0
210,Quantum,95,68,30.0
211,Saber,95,92,55.0
212,Pink,96,14,41.0
213,Rock,96,33,50.0
214,Phosphor,96,29,40.0
215,Fire,96,63,46.0
216,Quantum,96,68,30.0
217,Mosaic,96,126,64.0
218,Saber,96,92,55.0
219,Pink,97,14,40.0
220,Phosphor,97,29,40.0
221,Rad,97,66,50.0
222,Honey,97,75,63.0
223,Boom,97,70,56.0
224,Puddle,97,72,59.0
225,Quantum,97,68,30.0
226,Dervish,97,121,60.0
227,Gold,97,483,60.0
228,Puddle,98,72,59.0
229,Crystal,100,93,56.0
230,Tabby,101,35,56.0
231,Phosphor,102,30,43.0
232,Tabby,102,35,57.0
233,Fire,102,68,53.0
234,Quantum,102,81,43.0
235,Dervish,102,114,54.0
236,Hunter,102,94,57.0
237,Mosaic,102,95,38.0
238,Tangle,102,127,65.0
239,Phosphor,103,30,44.0
240,Tabby,103,35,56.0
241,Fire,103,68,54.0
242,Dervish,103,114,55.0
243,Hunter,103,94,58.0
244,Gold,103,458,55.0
245,Phosphor,104,30,42.0
246,Puddle,104,71,57.0
247,Saber,104,77,39.0
248,Tangle,108,125,64.0
249,Rock,109,38,65.0
250,Tabby,109,40,69.0
251,Crystal,109,95,58.0
252,Hunter,109,88,51.0
253,Pink,110,17,58.0
254,Rock,110,38,63.0
255,Phosphor,110,37,61.0
256,Tabby,110,40,69.0
257,Honey,110,73,60.0
258,Boom,110,78,68.0
259,Puddle,110,78,68.0
260,Fire,110,69,56.0
261,Quantum,110,95,59.0
262,Saber,110,89,52.0
263,Pink,111,17,62.0
264,Fire,111,69,54.0
265,Dervish,111,129,66.0
266,Saber,111,89,52.0
267,Gold,111,515,66.0
268,Pink,112,17,59.0
269,Rad,115,75,63.0
270,Tangle,115,106,47.0
271,Phosphor,116,39,68.0
272,Crystal,116,99,63.0
273,Quantum,116,106,70.0
274,Hunter,116,99,63.0
275,Mosaic,116,125,63.0
276,Rock,117,46,86.0
277,Phosphor,117,39,68.0
278,Fire,117,87,80.0
279,Crystal,117,99,62.0
280,Quantum,117,106,69.0
281,Dervish,117,146,81.0
282,Mosaic,117,125,63.0
283,Gold,117,585,81.0
284,Tabby,118,40,69.0
285,Puddle,118,75,64.0
286,Tabby,119,40,69.0
287,Quantum,120,104,68.0
288,Honey,121,87,80.0
289,Quantum,121,104,68.0
290,Tangle,121,111,52.0
291,Pink,122,17,60.0
292,Tabby,122,42,75.0
293,Honey,122,87,80.0
294,Boom,122,72,59.0
295,Pink,123,17,63.0
296,Tabby,123,42,77.0
297,Saber,123,95,58.0
298,Rad,125,76,64.0
299,Crystal,125,83,45.0
300,Dervish,125,127,65.0
301,Gold,125,507,65.0
302,Mosaic,126,102,44.0
303,Mosaic,127,102,44.0
304,Hunter,129,96,59.0
305,Boom,130,70,56.0
306,Tabby,131,34,53.0
307,Tangle,131,127,65.0
308,Pink,132,16,53.0
309,Rock,132,40,71.0
310,Tabby,132,34,54.0
311,Honey,132,58,40.0
312,Puddle,132,73,61.0
313,Pink,133,16,53.0
314,Phosphor,133,34,54.0
315,Tabby,133,34,53.0
316,Honey,133,58,40.0
317,Saber,133,85,47.0
318,Phosphor,134,34,55.0
319,Rad,134,60,42.0
320,Fire,134,81,72.0
321,Crystal,134,97,60.0
322,Quantum,134,102,65.0
323,Dervish,134,135,72.0
324,Mosaic,134,120,59.0
325,Gold,134,541,72.0
326,Tabby,135,34,53.0
327,Tabby,136,34,53.0
328,Tabby,137,34,52.0
329,Puddle,138,53,32.0
330,Puddle,139,53,32.0
331,Rock,140,32,47.0
332,Honey,140,57,38.0
333,Rock,141,32,48.0
334,Honey,141,57,38.0
335,Tangle,141,107,48.0
336,Boom,142,76,64.0
337,Crystal,142,88,51.0
338,Quantum,142,86,49.0
339,Mosaic,143,122,61.0
340,Rad,144,71,58.0
341,Rad,145,71,58.0
342,Puddle,147,76,65.0
343,Puddle,148,76,65.0
344,Quantum,148,90,53.0
345,Dervish,148,139,75.0
346,Saber,148,112,76.0
347,Gold,148,558,75.0
348,Tabby,149,35,55.0
349,Honey,149,79,69.0
350,Quantum,149,90,53.0
351,Hunter,149,101,64.0
352,Tabby,150,35,56.0
353,Crystal,150,98,61.0
354,Hunter,150,101,64.0
355,Tabby,151,35,56.0
356,Fire,151,69,55.0
357,Mosaic,151,151,85.0
358,Rock,152,42,75.0
359,Phosphor,152,36,58.0
360,Tabby,152,35,57.0
361,Tangle,152,137,73.0
362,Pink,153,19,71.0
363,Rock,153,42,75.0
364,Tabby,153,35,56.0
365,Rad,153,71,57.0
366,Boom,153,71,58.0
367,Boom,154,71,58.0
368,Honey,156,65,50.0
369,Puddle,156,63,46.0
370,Fire,156,64,47.0
371,Quantum,156,88,51.0
372,Puddle,157,63,47.0
373,Fire,157,64,49.0
374,Quantum,157,88,51.0
375,Rock,164,33,50.0
376,Rock,165,33,50.0
377,Fire,166,77,66.0
378,Crystal,167,108,71.0
379,Saber,167,112,76.0
380,Saber,168,112,76.0
381,Rock,169,35,55.0
382,Tabby,169,42,77.0
383,Rad,169,87,80.0
384,Boom,169,83,75.0
385,Quantum,169,96,59.0
386,Mosaic,169,103,45.0
387,Tangle,169,131,68.0
388,Pink,170,19,70.0
389,Rock,170,35,56.0
390,Puddle,170,85,77.0
391,Quantum,170,96,60.0
392,Dervish,170,134,71.0
393,Hunter,170,110,73.0
394,Mosaic,170,103,45.0
395,Tangle,170,131,69.0
396,Gold,170,535,71.0
397,Pink,171,19,71.0
398,Phosphor,171,38,65.0
399,Honey,171,71,57.0
400,Pink,172,19,70.0
401,Fire,173,57,38.0
402,Fire,174,57,39.0
403,Saber,174,89,52.0
404,Honey,175,66,50.0
405,Fire,175,57,39.0
406,Hunter,175,84,46.0
407,Saber,175,89,52.0
408,Rock,176,34,54.0
409,Hunter,176,84,47.0
410,Rock,177,34,54.0
411,Boom,177,73,60.0
412,Puddle,177,75,63.0
413,Quantum,177,80,42.0
414,Tangle,177,102,44.0
415,Rock,178,34,52.0
416,Boom,178,73,60.0
417,Rad,179,62,45.0
418,Tangle,179,102,44.0
419,Tabby,180,30,42.0
420,Rad,180,62,45.0
421,Mosaic,180,121,60.0
422,Tangle,180,102,44.0
423,Pink,181,14,42.0
424,Tabby,181,30,42.0
425,Fire,181,60,42.0
426,Crystal,181,98,61.0
427,Dervish,181,94,38.0
428,Hunter,181,70,32.0
429,Mosaic,181,121,60.0
430,Tangle,181,102,44.0
431,Gold,181,377,38.0
432,Pink,182,14,45.0
433,Quantum,182,70,32.0
434,Dervish,182,94,38.0
435,Saber,182,78,40.0
436,Gold,182,377,38.0
437,Pink,183,14,44.0
438,Phosphor,185,24,24.0
439,Phosphor,186,24,26.0
440,Phosphor,187,24,26.0
441,Rad,187,58,40.0
442,Phosphor,188,24,25.0
443,Rad,188,58,40.0
444,Honey,189,74,62.0
445,Honey,190,74,63.0
446,Boom,190,54,34.0
447,Boom,191,54,34.0
448,Quantum,191,99,62.0
449,Rock,192,38,64.0
450,Puddle,192,61,44.0
451,Hunter,192,95,58.0
452,Phosphor,193,32,47.0
453,Crystal,193,94,57.0
454,Dervish,193,125,63.0
455,Mosaic,193,109,50.0
456,Saber,193,93,56.0
457,Gold,193,499,63.0
458,Pink,194,16,54.0
459,Fire,194,67,52.0
460,Crystal,194,94,57.0
461,Mosaic,194,109,50.0
462,Tangle,194,115,55.0
463,Pink,195,16,54.0
464,Tabby,195,34,53.0
465,Pink,196,16,52.0
466,Tabby,196,34,52.0
467,Honey,201,51,30.0
468,Fire,201,60,42.0
469,Rock,202,32,47.0
470,Tabby,202,26,31.0
471,Boom,202,66,51.0
472,Fire,202,60,43.0
473,Dervish,202,107,48.0
474,Gold,202,426,48.0
475,Pink,203,15,47.0
476,Rock,203,32,48.0
477,Tabby,203,26,33.0
478,Boom,203,66,50.0
479,Puddle,203,46,23.0
480,Saber,203,77,39.0
481,Pink,204,15,47.0
482,Tabby,204,26,30.0
483,Mosaic,204,116,56.0
484,Crystal,205,65,27.0
485,Crystal,206,65,27.0
486,Crystal,207,65,26.0
487,Hunter,207,80,43.0
488,Hunter,208,80,42.0
489,Honey,211,67,53.0
490,Mosaic,211,100,43.0
491,Honey,212,67,52.0
492,Boom,212,55,36.0
493,Fire,212,58,39.0
494,Phosphor,213,33,51.0
495,Tabby,213,36,58.0
496,Puddle,213,61,44.0
497,Fire,213,58,39.0
498,Quantum,213,93,56.0
499,Tangle,213,122,61.0
500,Phosphor,214,33,50.0
501,Tabby,214,36,58.0
502,Rad,214,64,47.0
503,Puddle,214,61,44.0
504,Tangle,214,122,60.0
505,Rock,215,33,50.0
506,Crystal,215,95,59.0
507,Pink,216,17,60.0
508,Crystal,216,95,58.0
509,Pink,217,17,60.0
510,Saber,217,81,44.0
511,Saber,218,81,43.0
512,Boom,221,69,55.0
513,Puddle,221,58,40.0
514,Crystal,221,93,56.0
515,Dervish,221,126,64.0
516,Hunter,221,92,55.0
517,Gold,221,502,64.0
518,Rock,222,43,80.0
519,Phosphor,222,36,59.0
520,Tabby,222,37,62.0
521,Honey,222,68,53.0
522,Boom,222,69,56.0
523,Crystal,222,93,56.0
524,Mosaic,222,128,66.0
525,Pink,223,17,58.0
526,Rock,223,43,79.0
527,Tabby,223,37,62.0
528,Rad,223,70,57.0
529,Pink,224,17,59.0
530,Rad,224,70,57.0
531,Fire,224,78,67.0
532,Pink,225,17,58.0
533,Quantum,225,101,64.0
534,Saber,225,81,43.0
535,Puddle,226,52,31.0
536,Tangle,226,119,59.0
537,Saber,226,81,43.0
538,Puddle,227,52,32.0
539,Mosaic,232,84,29.0
540,Rad,233,61,44.0
541,Mosaic,233,84,29.0
542,Rad,234,61,44.0
543,Rock,235,32,47.0
544,Phosphor,235,35,55.0
545,Rock,236,32,48.0
546,Phosphor,236,35,56.0
547,Tangle,236,116,56.0
548,Saber,236,110,74.0
549,Pink,237,18,64.0
550,Rock,237,32,47.0
551,Tabby,237,36,60.0
552,Honey,237,69,55.0
553,Puddle,237,83,74.0
554,Crystal,237,93,56.0
555,Dervish,237,139,75.0
556,Mosaic,237,100,43.0
557,Gold,237,555,75.0
558,Tabby,238,36,58.0
559,Hunter,238,115,78.0
560,Mosaic,238,100,42.0
561,Boom,239,82,73.0
562,Fire,239,81,72.0
563,Quantum,239,108,71.0
564,Honey,248,62,45.0
565,Mosaic,248,114,54.0
566,Tangle,248,94,37.0
567,Saber,248,84,46.0
568,Rock,249,30,43.0
569,Honey,249,62,46.0
570,Dervish,249,121,60.0
571,Hunter,249,97,60.0
572,Mosaic,249,114,54.0
573,Saber,249,84,46.0
574,Gold,249,485,60.0
575,Rock,250,30,42.0
576,Phosphor,250,40,69.0
577,Honey,250,62,46.0
578,Boom,250,70,56.0
579,Quantum,250,100,64.0
580,Hunter,250,97,60.0
581,Tabby,251,41,73.0
582,Rad,251,77,66.0
583,Boom,251,70,57.0
584,Puddle,251,71,57.0
585,Fire,251,79,69.0
586,Honey,252,62,45.0
587,Fire,252,79,69.0
588,Pink,254,17,58.0
589,Crystal,254,95,58.0
590,Pink,255,17,58.0
591,Rock,255,27,33.0
592,Phosphor,255,34,52.0
593,Crystal,255,95,58.0
594,Pink,256,17,58.0
595,Phosphor,256,34,54.0
596,Crystal,256,95,58.0
597,Rock,257,27,33.0
598,Phosphor,257,34,54.0
599,Dervish,257,89,33.0
600,Tangle,257,115,55.0
601,Gold,257,356,33.0
602,Hunter,258,71,33.0
603,Mosaic,258,117,57.0
604,Tangle,258,115,55.0
605,Tabby,259,39,67.0
606,Puddle,259,65,50.0
607,Puddle,260,65,49.0
608,Quantum,260,89,51.0
609,Honey,261,62,45.0
610,Rad,263,75,64.0
611,Rad,264,75,63.0
612,Tabby,265,38,64.0
613,Hunter,265,94,57.0
614,Saber,265,107,71.0
615,Phosphor,266,38,65.0
616,Fire,266,81,72.0
617,Quantum,266,98,61.0
618,Dervish,266,125,63.0
619,Mosaic,266,132,69.0
620,Gold,266,498,63.0
621,Phosphor,267,38,66.0
622,Honey,267,71,57.0
623,Boom,267,94,89.0
624,Puddle,267,81,72.0
625,Fire,267,81,72.0
626,Quantum,267,98,61.0
627,Tangle,267,136,73.0
628,Pink,269,19,70.0
629,Rock,269,30,42.0
630,Pink,270,19,72.0
631,Rock,270,30,42.0
632,Pink,271,19,72.0
633,Rock,271,30,42.0
634,Crystal,271,120,84.0
635,Hunter,271,97,60.0
636,Crystal,272,120,84.0
637,Rad,273,77,66.0
638,Dervish,273,126,64.0
639,Mosaic,273,137,73.0
640,Gold,273,504,64.0
641,Tabby,274,40,72.0
642,Rad,274,77,67.0
643,Fire,274,74,62.0
644,Saber,274,114,78.0
645,Phosphor,275,38,65.0
646,Tabby,275,40,71.0
647,Rad,275,77,66.0
648,Honey,275,63,47.0
649,Puddle,275,77,66.0
650,Phosphor,276,38,64.0
651,Quantum,276,94,57.0
652,Rock,278,29,39.0
653,Hunter,278,75,37.0
654,Crystal,282,60,22.0
655,Crystal,283,60,22.0
656,Tangle,284,84,29.0
657,Pink,285,13,36.0
658,Tabby,285,23,23.0
659,Rad,285,52,31.0
660,Puddle,285,57,39.0
661,Fire,285,60,42.0
662,Mosaic,285,90,34.0
663,Tangle,285,84,29.0
664,Pink,286,13,38.0
665,Rock,286,26,31.0
666,Tabby,286,23,22.0
667,Rad,286,52,31.0
668,Puddle,286,57,39.0
669,Mosaic,286,90,34.0
670,Saber,286,67,28.0
671,Pink,287,13,35.0
672,Honey,287,66,51.0
673,Quantum,287,77,39.0
674,Phosphor,288,29,38.0
675,Quantum,288,77,39.0
676,Pink,292,13,34.0
677,Tangle,293,100,42.0
678,Tabby,294,33,50.0
679,Rad,294,74,62.0
680,Dervish,294,131,68.0
681,Tangle,294,100,43.0
682,Gold,294,524,68.0
683,Phosphor,295,42,76.0
684,Tabby,295,33,51.0
685,Rad,295,74,62.0
686,Fire,295,61,44.0
687,Hunter,295,95,58.0
688,Rock,296,35,56.0
689,Boom,296,78,67.0
690,Puddle,296,67,52.0
691,Quantum,296,88,51.0
692,Hunter,296,95,58.0
693,Mosaic,296,106,48.0
694,Saber,296,106,69.0
695,Rock,297,35,57.0
696,Puddle,297,67,52.0
697,Crystal,297,92,55.0
698,Hunter,297,95,58.0
699,Hunter,301,93,57.0
700,Pink,302,17,58.0
701,Boom,302,64,48.0
702,Hunter,302,93,56.0
703,Dervish,303,112,52.0
704,Gold,303,446,52.0
705,Phosphor,304,35,56.0
706,Tabby,304,43,79.0
707,Rad,304,78,68.0
708,Honey,304,83,74.0
709,Quantum,304,94,57.0
710,Mosaic,304,97,40.0
711,Saber,304,110,74.0
712,Rock,305,39,67.0
713,Phosphor,305,35,57.0
714,Tabby,305,43,79.0
715,Rad,305,78,67.0
716,Puddle,305,87,80.0
717,Fire,305,75,63.0
718,Mosaic,305,97,40.0
719,Tangle,306,117,56.0
720,Boom,307,57,38.0
721,Boom,308,57,38.0
722,Hunter,308,73,36.0
723,Boom,309,57,38.0
724,Crystal,309,97,60.0
725,Quantum,309,90,53.0
726,Hunter,309,73,35.0
727,Pink,315,17,58.0
728,Boom,315,63,47.0
729,Dervish,315,106,47.0
730,Gold,315,422,47.0
731,Pink,316,17,60.0
732,Boom,316,63,47.0
733,Pink,317,17,61.0
734,Boom,317,63,46.0
735,Pink,318,17,61.0
736,Crystal,318,104,67.0
737,Hunter,318,92,55.0
738,Mosaic,318,115,55.0
739,Pink,319,17,61.0
740,Rock,319,39,67.0
741,Phosphor,319,41,73.0
742,Honey,319,70,57.0
743,Quantum,319,94,57.0
744,Hunter,319,92,55.0
745,Mosaic,319,115,55.0
746,Pink,320,17,60.0
747,Phosphor,320,41,74.0
748,Tabby,320,34,52.0
749,Rad,320,77,66.0
750,Puddle,320,73,60.0
751,Tangle,320,104,46.0
752,Saber,320,101,64.0
753,Pink,321,17,58.0
754,Fire,321,71,58.0
755,Dervish,321,112,53.0
756,Tangle,321,104,45.0
757,Gold,321,449,53.0
758,Phosphor,326,34,53.0
759,Pink,327,16,53.0
760,Phosphor,327,34,53.0
761,Puddle,327,55,35.0
762,Quantum,327,91,54.0
763,Pink,328,16,56.0
764,Tabby,328,36,59.0
765,Rad,328,74,61.0
766,Puddle,328,55,36.0
767,Crystal,328,89,52.0
768,Quantum,328,91,54.0
769,Mosaic,328,115,55.0
770,Tangle,328,120,59.0
771,Pink,329,16,57.0
772,Rock,329,33,50.0
773,Boom,329,82,73.0
774,Puddle,329,55,35.0
775,Fire,329,80,70.0
776,Crystal,329,89,52.0
777,Dervish,329,97,40.0
778,Hunter,329,103,67.0
779,Gold,329,388,40.0
780,Pink,330,16,53.0
781,Honey,330,77,65.0
782,Dervish,330,97,40.0
783,Saber,330,96,59.0
784,Quantum,337,78,40.0
785,Hunter,337,81,44.0
786,Tabby,338,28,37.0
787,Quantum,338,78,41.0
788,Hunter,338,81,43.0
789,Tabby,339,28,36.0
790,Honey,339,66,51.0
791,Crystal,339,97,60.0
792,Mosaic,339,122,60.0
793,Tangle,339,102,44.0
794,Crystal,340,97,60.0
795,Pink,341,15,47.0
796,Rock,341,30,41.0
797,Phosphor,341,32,47.0
798,Boom,341,62,46.0
799,Dervish,341,101,43.0
800,Gold,341,403,43.0
801,Pink,342,15,46.0
802,Phosphor,342,32,47.0
803,Fire,342,71,58.0
804,Hunter,342,92,55.0
805,Rad,343,74,62.0
806,Rad,344,74,63.0
807,Phosphor,345,32,47.0
808,Rad,345,74,62.0
809,Rad,346,74,62.0
810,Honey,346,87,81.0
811,Puddle,346,72,59.0
812,Saber,346,76,38.0
813,Rock,347,42,75.0
814,Tabby,347,42,75.0
815,Rad,347,74,61.0
816,Fire,347,69,54.0
817,Quantum,347,115,79.0
818,Dervish,347,102,44.0
819,Mosaic,347,141,77.0
820,Gold,347,408,44.0
821,Pink,348,15,46.0
822,Hunter,348,92,55.0
823,Pink,349,15,46.0
824,Boom,349,70,57.0
825,Hunter,349,92,55.0
826,Pink,352,15,46.0
827,Tangle,352,96,39.0
828,Rock,353,32,47.0
829,Mosaic,353,101,43.0
830,Tangle,353,96,39.0
831,Rock,354,32,49.0
832,Rad,354,69,55.0
833,Honey,354,68,53.0
834,Fire,354,57,39.0
835,Hunter,354,96,59.0
836,Mosaic,354,101,44.0
837,Rock,355,32,49.0
838,Rad,355,69,55.0
839,Rock,356,32,47.0
840,Dervish,357,111,52.0
841,Gold,357,444,52.0
842,Quantum,358,76,38.0
843,Tangle,358,102,44.0
844,Saber,358,86,48.0
845,Rad,364,72,58.0
846,Honey,364,76,65.0
847,Quantum,364,85,48.0
848,Rock,365,36,59.0
849,Phosphor,365,36,58.0
850,Tabby,365,37,61.0
851,Boom,365,68,54.0
852,Fire,365,75,64.0
853,Quantum,365,85,48.0
854,Hunter,365,100,64.0
855,Tangle,365,126,64.0
856,Pink,366,18,66.0
857,Rock,366,36,59.0
858,Boom,366,68,53.0
859,Puddle,366,76,65.0
860,Fire,366,75,63.0
861,Crystal,366,104,67.0
862,Dervish,366,121,60.0
863,Mosaic,366,109,50.0
864,Gold,366,482,60.0
865,Pink,367,18,65.0
866,Saber,369,87,49.0
867,Phosphor,374,25,29.0
868,Rock,375,27,33.0
869,Phosphor,375,25,29.0
870,Quantum,375,70,32.0
871,Phosphor,376,25,28.0
872,Boom,376,56,38.0
873,Puddle,376,54,34.0
874,Fire,376,59,41.0
875,Crystal,376,93,57.0
876,Hunter,376,84,46.0
877,Mosaic,376,113,54.0
878,Tangle,376,104,46.0
879,Tabby,377,35,55.0
880,Rad,377,54,34.0
881,Honey,377,53,33.0
882,Puddle,377,54,34.0
883,Dervish,377,94,37.0
884,Saber,377,84,47.0
885,Gold,377,375,37.0
886,Honey,378,53,33.0
887,Tangle,382,95,38.0
888,Rad,383,65,49.0
889,Puddle,383,66,51.0
890,Quantum,383,89,51.0
891,Mosaic,383,88,32.0
892,Saber,383,78,41.0
893,Pink,384,14,41.0
894,Quantum,384,89,51.0
895,Hunter,384,74,36.0
896,Saber,384,78,41.0
897,Pink,385,14,40.0
898,Rock,385,35,56.0
899,Phosphor,385,29,38.0
900,Fire,385,62,45.0
901,Boom,391,78,67.0
902,Fire,391,67,52.0
903,Crystal,391,110,74.0
904,Dervish,391,118,57.0
905,Hunter,391,96,59.0
906,Saber,391,75,37.0
907,Gold,391,471,57.0
908,Pink,392,19,69.0
909,Phosphor,392,39,67.0
910,Puddle,392,68,54.0
911,Crystal,392,110,73.0
912,Quantum,392,104,67.0
913,Mosaic,392,117,56.0
914,Saber,392,75,37.0
915,Tangle,393,120,59.0
916,Rock,394,38,64.0
917,Pink,398,19,70.0
918,Tabby,398,30,41.0
919,Pink,399,19,72.0
920,Rad,399,82,73.0
921,Quantum,399,113,77.0
922,Saber,399,88,51.0
923,Phosphor,400,37,62.0
924,Honey,400,93,88.0
925,Fire,400,69,55.0
926,Crystal,400,118,82.0
927,Dervish,400,118,58.0
928,Hunter,400,82,45.0
929,Mosaic,400,147,82.0
930,Gold,400,472,58.0
931,Phosphor,401,37,61.0
932,Boom,401,83,74.0
933,Puddle,401,73,60.0
934,Tangle,401,126,64.0
935,Puddle,402,73,60.0
936,Tabby,405,28,37.0
937,Rock,406,32,47.0
938,Tabby,406,28,38.0
939,Fire,406,50,28.0
940,Hunter,406,68,30.0
941,Mosaic,406,115,55.0
942,Fire,407,50,29.0
943,Hunter,407,68,30.0
944,Fire,408,50,28.0
945,Phosphor,410,28,36.0
946,Quantum,410,64,25.0
947,Pink,411,15,46.0
948,Phosphor,411,28,38.0
949,Dervish,411,93,36.0
950,Gold,411,370,36.0
951,Pink,412,15,47.0
952,Phosphor,412,28,38.0
953,Rad,412,63,46.0
954,Boom,412,63,46.0
955,Puddle,412,60,43.0
956,Dervish,412,93,36.0
957,Saber,412,74,36.0
958,Gold,412,370,36.0
959,Honey,413,65,50.0
960,Mosaic,413,101,43.0
961,Hunter,414,69,31.0
962,Fire,418,68,54.0
963,Tangle,418,105,46.0
964,Tabby,419,37,62.0
965,Saber,419,84,47.0
966,Tabby,420,37,62.0
967,Dervish,420,136,72.0
968,Saber,420,84,47.0
969,Gold,420,544,72.0
970,Pink,421,18,64.0
971,Phosphor,421,42,76.0
972,Tabby,421,37,61.0
973,Pink,422,18,66.0
974,Puddle,422,72,59.0
975,Fire,422,66,51.0
976,Crystal,422,103,66.0
977,Quantum,422,106,69.0
978,Hunter,422,86,49.0
979,Mosaic,422,112,52.0
980,Pink,423,18,65.0
981,Rock,423,31,45.0
982,Honey,423,80,71.0
983,Boom,423,63,46.0
984,Fire,423,66,51.0
985,Crystal,423,103,67.0
986,Mosaic,423,112,53.0
987,Tangle,423,105,46.0
988,Rock,424,31,46.0
989,Rad,424,74,62.0
990,Honey,424,80,70.0
991,Rock,425,31,46.0
992,Hunter,430,79,41.0
993,Tangle,430,97,40.0
994,Tabby,431,42,76.0
995,Boom,431,69,55.0
996,Hunter,431,79,41.0
997,Tabby,432,42,76.0
998,Rad,432,71,57.0
999,Puddle,432,66,51.0
1000,Crystal,432,85,48.0
1001,Dervish,432,112,52.0
1002,Gold,432,447,52.0
1003,Rock,433,41,73.0
1004,Phosphor,433,37,62.0
1005,Fire,433,68,54.0
1006,Crystal,433,85,48.0
1007,Mosaic,433,117,56.0
1008,Phosphor,434,37,62.0
1009,Fire,434,68,53.0
1010,Saber,434,87,50.0
1011,Fire,435,68,53.0
1012,Honey,436,70,56.0
1013,Fire,436,68,54.0
1014,Tangle,436,113,54.0
1015,Pink,437,17,61.0
1016,Rock,437,39,67.0
1017,Tabby,437,42,76.0
1018,Honey,437,70,57.0
1019,Puddle,437,64,49.0
1020,Fire,437,68,54.0
1021,Quantum,437,111,75.0
1022,Hunter,437,88,51.0
1023,Pink,438,17,63.0
1024,Rock,438,39,68.0
1025,Honey,438,70,56.0
1026,Boom,438,68,53.0
1027,Puddle,438,64,48.0
1028,Pink,439,17,58.0
1029,Dervish,439,116,55.0
1030,Gold,439,462,55.0
1031,Pink,443,15,47.0
1032,Rad,443,60,42.0
1033,Mosaic,443,109,50.0
1034,Tangle,443,89,34.0
1035,Pink,444,15,49.0
1036,Phosphor,444,34,53.0
1037,Pink,445,15,49.0
1038,Phosphor,445,34,52.0
1039,Pink,446,15,47.0
1040,Boom,446,56,37.0
1041,Boom,447,56,37.0
1042,Dervish,447,120,59.0
1043,Gold,447,481,59.0
1044,Rock,448,36,58.0
1045,Honey,448,64,48.0
1046,Puddle,448,76,65.0
1047,Fire,448,74,62.0
1048,Crystal,448,87,49.0
1049,Quantum,448,78,40.0
1050,Dervish,448,120,59.0
1051,Mosaic,448,100,43.0
1052,Saber,448,95,58.0
1053,Gold,448,481,59.0
1054,Tabby,449,30,41.0
1055,Honey,449,64,47.0
1056,Puddle,449,76,65.0
1057,Hunter,449,83,46.0
1058,Tabby,450,30,42.0
1059,Rad,450,58,39.0
1060,Tangle,450,93,36.0
1061,Tabby,451,30,42.0
1062,Tangle,451,93,37.0
1063,Rock,459,35,55.0
1064,Phosphor,459,39,68.0
1065,Pink,460,18,63.0
1066,Phosphor,460,39,68.0
1067,Rad,460,73,60.0
1068,Boom,460,75,63.0
1069,Puddle,460,76,65.0
1070,Quantum,460,123,88.0
1071,Pink,461,18,68.0
1072,Phosphor,461,39,66.0
1073,Rad,461,73,60.0
1074,Quantum,461,123,87.0
1075,Pink,462,18,69.0
1076,Tabby,462,43,78.0
1077,Honey,462,78,67.0
1078,Fire,462,88,82.0
1079,Hunter,462,113,77.0
1080,Mosaic,462,117,57.0
1081,Pink,463,18,66.0
1082,Mosaic,463,117,57.0
1083,Tangle,463,139,75.0
1084,Crystal,465,108,72.0
1085,Dervish,466,125,63.0
1086,Gold,466,499,63.0
1087,Rock,467,36,59.0
1088,Honey,467,79,69.0
1089,Hunter,467,89,52.0
1090,Rock,468,36,59.0
1091,Honey,468,79,68.0
1092,Puddle,468,67,53.0
1093,Tangle,468,143,78.0
1094,Saber,468,99,62.0
1095,Mosaic,469,105,47.0
1096,Rad,470,72,60.0
1097,Boom,470,69,55.0
1098,Mosaic,470,105,47.0
1099,Phosphor,471,31,44.0
1100,Rad,471,72,60.0
1101,Boom,471,69,55.0
1102,Quantum,476,77,40.0
1103,Pink,477,15,50.0
1104,Fire,477,74,62.0
1105,Quantum,477,77,40.0
1106,Hunter,477,88,51.0
1107,Mosaic,477,103,45.0
1108,Tangle,477,131,68.0
1109,Pink,478,15,51.0
1110,Rock,478,37,61.0
1111,Boom,478,76,65.0
1112,Saber,478,86,48.0
1113,Pink,479,15,46.0
1114,Tabby,483,37,62.0
1115,Honey,483,73,60.0
1116,Crystal,483,102,66.0
1117,Phosphor,484,39,67.0
1118,Tabby,484,37,63.0
1119,Rad,484,65,49.0
1120,Honey,484,73,60.0
1121,Puddle,484,74,61.0
1122,Fire,484,64,48.0
1123,Rock,485,31,45.0
1124,Phosphor,485,39,67.0
1125,Puddle,485,74,62.0
1126,Quantum,485,91,54.0
1127,Dervish,485,112,53.0
1128,Hunter,485,95,58.0
1129,Tangle,485,131,69.0
1130,Saber,485,103,67.0
1131,Gold,485,448,53.0
1132,Rock,486,31,44.0
1133,Phosphor,486,39,66.0
1134,Hunter,486,95,58.0
1135,Pink,487,18,64.0
1136,Pink,488,18,65.0
1137,Pink,489,18,64.0
1138,Boom,489,57,38.0
1139,Boom,490,57,38.0
1140,Crystal,490,95,58.0
1141,Crystal,491,95,58.0
1142,Dervish,491,104,45.0
1143,Rad,492,70,57.0
1144,Quantum,492,97,60.0
1145,Dervish,492,104,46.0
1146,Hunter,492,100,63.0
1147,Gold,492,418,46.0
1148,Rock,493,32,48.0
1149,Rad,493,70,57.0
1150,Fire,493,85,77.0
1151,Quantum,493,97,60.0
1152,Tangle,493,123,62.0
1153,Rock,494,32,48.0
1154,Honey,494,70,56.0
1155,Puddle,494,82,73.0
1156,Mosaic,494,126,65.0
1157,Phosphor,498,32,47.0
1158,Tabby,498,36,59.0
1159,Phosphor,499,32,49.0
1160,Tabby,499,36,60.0
1161,Phosphor,500,32,47.0
1162,Tabby,500,36,58.0
1163,Dervish,500,109,50.0
1164,Gold,500,435,50.0
1165,Rad,501,66,51.0
1166,Boom,501,66,51.0
1167,Puddle,501,60,42.0
1168,Crystal,501,81,43.0
1169,Dervish,501,109,50.0
1170,Saber,501,73,35.0
1171,Rock,502,28,36.0
1172,Puddle,502,60,42.0
1173,Fire,502,63,47.0
1174,Crystal,502,81,43.0
1175,Fire,503,63,46.0
1176,Pink,507,14,40.0
1177,Rad,507,63,46.0
1178,Pink,508,14,45.0
1179,Phosphor,508,35,57.0
1180,Honey,508,74,63.0
1181,Boom,508,82,73.0
1182,Crystal,508,92,55.0
1183,Tangle,508,140,76.0
1184,Saber,508,101,64.0
1185,Pink,509,14,44.0
1186,Tabby,509,29,40.0
1187,Honey,509,74,62.0
1188,Puddle,509,63,46.0
1189,Fire,509,85,77.0
1190,Quantum,509,103,67.0
1191,Dervish,509,130,67.0
1192,Hunter,509,97,61.0
1193,Gold,509,519,67.0
1194,Rock,510,30,43.0
1195,Tabby,510,29,39.0
1196,Puddle,510,63,47.0
1197,Mosaic,510,121,60.0
1198,Pink,515,11,23.0
1199,Pink,516,11,25.0
1200,Puddle,516,64,48.0
1201,Saber,516,71,34.0
1202,Pink,517,11,24.0
1203,Phosphor,517,31,44.0
1204,Tabby,517,22,21.0
1205,Honey,517,59,42.0
1206,Puddle,517,64,49.0
1207,Hunter,517,72,34.0
1208,Mosaic,517,99,42.0
1209,Saber,517,71,33.0
1210,Rock,518,26,30.0
1211,Phosphor,518,31,46.0
1212,Tabby,518,22,21.0
1213,Rad,518,59,41.0
1214,Boom,518,52,31.0
1215,Crystal,518,74,36.0
1216,Quantum,518,74,37.0
1217,Dervish,518,85,30.0
1218,Gold,518,340,30.0
1219,Rock,519,26,30.0
1220,Crystal,519,74,36.0
1221,Honey,524,56,37.0
1222,Boom,524,59,41.0
1223,Quantum,524,76,38.0
1224,Dervish,524,96,39.0
1225,Mosaic,524,104,46.0
1226,Tangle,524,104,46.0
1227,Saber,524,75,37.0
1228,Gold,524,384,39.0
1229,Mosaic,525,104,46.0
1230,Fire,526,62,45.0
1231,Fire,527,62,45.0
1232,Rad,529,67,53.0
1233,Puddle,529,57,38.0
1234,Crystal,529,107,71.0
1235,Mosaic,529,100,42.0
1236,Pink,530,17,59.0
1237,Rock,530,40,70.0
1238,Boom,530,75,63.0
1239,Dervish,530,121,60.0
1240,Hunter,530,105,68.0
1241,Tangle,530,140,75.0
1242,Gold,530,485,60.0
1243,Phosphor,531,39,68.0
1244,Saber,531,97,61.0
1245,Honey,532,70,56.0
1246,Honey,533,70,56.0
1247,Crystal,534,98,61.0
1248,Tabby,535,37,61.0
1249,Quantum,535,93,56.0
1250,Tabby,536,37,61.0
1251,Quantum,536,93,56.0
1252,Hunter,536,85,47.0
1253,Hunter,537,85,47.0
1254,Honey,542,85,78.0
1255,Puddle,542,70,56.0
1256,Fire,542,76,65.0
1257,Hunter,542,99,62.0
1258,Mosaic,542,118,57.0
1259,Pink,543,15,46.0
1260,Rad,543,71,58.0
1261,Fire,543,76,65.0
1262,Quantum,543,120,84.0
1263,Pink,544,15,49.0
1264,Phosphor,544,41,72.0
1265,Boom,544,93,88.0
1266,Crystal,544,104,68.0
1267,Dervish,544,155,88.0
1268,Tangle,544,149,84.0
1269,Saber,544,111,75.0
1270,Gold,544,621,88.0
1271,Pink,545,15,51.0
1272,Rock,545,35,57.0
1273,Tabby,545,34,53.0
1274,Boom,545,93,88.0
1275,Dervish,545,155,88.0
1276,Pink,546,15,48.0
1277,Rock,546,35,56.0
1278,Tabby,546,34,54.0
1279,Tabby,547,34,53.0
1280,Hunter,548,76,38.0
1281,Fire,550,54,34.0
1282,Puddle,551,57,39.0
1283,Puddle,552,57,38.0
1284,Pink,557,16,51.0
1285,Pink,558,16,56.0
1286,Hunter,558,93,56.0
1287,Pink,559,16,56.0
1288,Rock,559,44,82.0
1289,Rad,559,78,68.0
1290,Dervish,559,131,69.0
1291,Tangle,559,110,51.0
1292,Saber,559,116,80.0
1293,Gold,559,525,69.0
1294,Pink,560,16,52.0
1295,Rock,560,44,81.0
1296,Phosphor,560,43,78.0
1297,Tabby,560,33,51.0
1298,Honey,560,73,60.0
1299,Boom,560,82,73.0
1300,Puddle,560,85,77.0
1301,Fire,560,92,88.0
1302,Crystal,560,106,69.0
1303,Quantum,560,102,65.0
1304,Tabby,561,33,52.0
1305,Crystal,561,106,70.0
1306,Mosaic,561,130,67.0
1307,Tangle,567,116,56.0
1308,Phosphor,568,31,44.0
1309,Puddle,568,69,55.0
1310,Rock,569,39,67.0
1311,Puddle,569,69,56.0
1312,Fire,569,73,61.0
1313,Dervish,569,114,55.0
1314,Gold,569,458,55.0
1315,Tabby,570,34,54.0
1316,Fire,570,73,60.0
1317,Dervish,570,114,54.0
1318,Tangle,570,114,54.0
1319,Pink,571,17,59.0
1320,Tabby,571,34,52.0
1321,Boom,571,72,59.0
1322,Hunter,571,82,45.0
1323,Pink,572,17,63.0
1324,Rad,572,67,52.0
1325,Honey,572,72,59.0
1326,Quantum,572,92,55.0
1327,Hunter,572,82,45.0
1328,Mosaic,572,128,66.0
1329,Saber,572,108,71.0
1330,Pink,573,17,63.0
1331,Honey,573,72,59.0
1332,Crystal,573,84,46.0
1333,Fire,577,68,53.0
1334,Pink,578,16,55.0
1335,Phosphor,578,28,37.0
1336,Puddle,578,58,40.0
1337,Quantum,578,98,61.0
1338,Pink,579,16,57.0
1339,Phosphor,579,28,38.0
1340,Tabby,579,32,49.0
1341,Puddle,579,58,40.0
1342,Hunter,579,84,47.0
1343,Mosaic,579,116,56.0
1344,Saber,579,87,50.0
1345,Pink,580,16,52.0
1346,Phosphor,580,28,38.0
1347,Tabby,580,32,49.0
1348,Boom,580,66,51.0
1349,Dervish,580,107,48.0
1350,Hunter,580,84,47.0
1351,Tangle,580,114,54.0
1352,Gold,580,428,48.0
1353,Phosphor,581,28,36.0
1354,Rock,585,27,34.0
1355,Rock,586,27,35.0
1356,Phosphor,586,38,66.0
1357,Tabby,586,33,50.0
1358,Rad,586,77,66.0
1359,Quantum,586,72,34.0
1360,Dervish,586,105,46.0
1361,Hunter,586,94,57.0
1362,Tangle,586,116,56.0
1363,Gold,586,419,46.0
1364,Pink,587,14,40.0
1365,Rock,587,27,33.0
1366,Phosphor,587,38,65.0
1367,Tabby,587,33,50.0
1368,Puddle,587,69,55.0
1369,Fire,587,69,55.0
1370,Dervish,587,105,46.0
1371,Mosaic,587,124,63.0
1372,Gold,587,419,46.0
1373,Pink,588,14,43.0
1374,Honey,588,62,45.0
1375,Puddle,588,69,55.0
1376,Crystal,588,83,46.0
1377,Saber,588,93,56.0
1378,Pink,589,14,41.0
1379,Honey,589,62,46.0
1380,Rad,590,70,56.0
1381,Rock,591,30,42.0
1382,Rad,591,70,57.0
1383,Rock,592,30,44.0
1384,Boom,592,69,56.0
1385,Tabby,593,31,44.0
1386,Boom,593,69,55.0
1387,Hunter,593,77,39.0
1388,Tangle,594,110,51.0
1389,Saber,594,85,48.0
1390,Quantum,595,91,54.0
1391,Saber,595,85,48.0
1392,Saber,596,85,47.0
1393,Tabby,598,35,56.0
1394,Honey,599,64,48.0
1395,Quantum,599,91,54.0
1396,Dervish,599,108,49.0
1397,Pink,600,17,61.0
1398,Phosphor,600,37,61.0
1399,Quantum,600,91,54.0
1400,Dervish,600,108,49.0
1401,Gold,600,434,49.0
1402,Pink,601,17,61.0
1403,Dervish,601,108,49.0
1404,Pink,602,17,59.0
1405,Boom,602,66,50.0
1406,Rock,604,40,70.0
1407,Rad,604,76,65.0
1408,Hunter,604,83,46.0
1409,Saber,604,90,53.0
1410,Tabby,605,37,63.0
1411,Crystal,605,103,66.0
1412,Quantum,605,93,57.0
1413,Honey,606,64,48.0
1414,Puddle,606,83,75.0
1415,Fire,606,70,56.0
1416,Mosaic,606,131,68.0
1417,Tangle,606,119,58.0
1418,Phosphor,607,40,69.0
1419,Honey,607,64,49.0
1420,Honey,608,64,48.0
1421,Rock,609,33,50.0
1422,Honey,609,64,48.0
1423,Rock,610,33,50.0
1424,Honey,610,64,47.0
1425,Hunter,610,83,45.0
1426,Saber,610,94,57.0
1427,Dervish,611,103,45.0
1428,Gold,611,412,45.0
1429,Boom,612,60,42.0
1430,Pink,615,14,40.0
1431,Boom,615,60,43.0
1432,Puddle,615,68,53.0
1433,Pink,616,14,45.0
1434,Phosphor,616,29,39.0
1435,Tabby,616,31,46.0
1436,Rad,616,62,45.0
1437,Honey,616,64,48.0
1438,Fire,616,61,44.0
1439,Pink,617,14,44.0
1440,Crystal,617,75,37.0
1441,Mosaic,617,79,25.0
1442,Quantum,618,60,21.0
1443,Pink,623,15,49.0
1444,Pink,624,15,49.0
1445,Phosphor,624,37,63.0
1446,Hunter,624,82,45.0
1447,Tangle,624,97,40.0
1448,Pink,625,15,46.0
1449,Phosphor,625,37,63.0
1450,Honey,625,79,69.0
1451,Crystal,625,106,69.0
1452,Rad,626,62,45.0
1453,Honey,626,79,68.0
1454,Fire,626,69,55.0
1455,Saber,626,104,67.0
1456,Rad,627,62,45.0
1457,Boom,627,79,69.0
1458,Fire,627,69,55.0
1459,Quantum,627,84,46.0
1460,Dervish,627,113,53.0
1461,Gold,627,453,53.0
1462,Mosaic,628,105,47.0
1463,Puddle,629,72,59.0
1464,Puddle,630,72,59.0
1465,Hunter,632,88,51.0
1466,Rad,633,59,41.0
1467,Hunter,633,88,51.0
1468,Pink,634,16,53.0
1469,Rock,634,40,70.0
1470,Tabby,634,37,61.0
1471,Rad,634,59,41.0
1472,Honey,634,73,60.0
1473,Saber,634,108,72.0
1474,Puddle,635,79,69.0
1475,Fire,635,71,57.0
1476,Quantum,635,79,42.0
1477,Tangle,635,123,62.0
1478,Phosphor,636,35,57.0
1479,Fire,636,71,58.0
1480,Dervish,636,107,48.0
1481,Mosaic,636,113,54.0
1482,Dervish,637,107,48.0
1483,Gold,637,428,48.0
1484,Tabby,639,36,59.0
1485,Rad,639,61,43.0
1486,Tabby,640,36,60.0
1487,Boom,640,63,46.0
1488,Crystal,640,102,65.0
1489,Honey,641,62,45.0
1490,Puddle,641,62,45.0
1491,Fire,641,71,57.0
1492,Pink,642,14,40.0
1493,Honey,642,62,45.0
1494,Puddle,642,62,45.0
1495,Fire,642,71,58.0
1496,Honey,643,62,45.0
1497,Dervish,643,111,51.0
1498,Gold,643,442,51.0
1499,Honey,644,62,46.0
1500,Honey,645,62,45.0
1501,Quantum,645,95,58.0
1502,Phosphor,646,31,45.0
1503,Rad,647,56,36.0
1504,Hunter,647,71,33.0
1505,Tangle,647,107,49.0
1506,Tabby,648,35,56.0
1507,Crystal,648,79,42.0
1508,Hunter,648,71,33.0
1509,Tangle,648,107,48.0
1510,Tabby,649,35,57.0
1511,Pink,650,14,40.0
1512,Tabby,650,35,57.0
1513,Pink,651,14,40.0
1514,Tangle,651,106,47.0
1515,Tangle,652,106,48.0
1516,Boom,653,61,44.0
1517,Mosaic,653,122,61.0
1518,Boom,654,61,44.0
1519,Hunter,654,76,38.0
1520,Rock,655,38,64.0
1521,Rad,655,63,46.0
1522,Puddle,655,67,52.0
1523,Fire,655,67,52.0
1524,Crystal,655,84,47.0
1525,Quantum,655,106,69.0
1526,Hunter,655,76,38.0
1527,Saber,655,89,51.0
1528,Rock,656,38,65.0
1529,Phosphor,656,31,44.0
1530,Honey,656,62,46.0
1531,Puddle,656,67,52.0
1532,Fire,656,67,52.0
1533,Crystal,656,84,46.0
1534,Saber,656,89,52.0
1535,Pink,657,13,35.0
1536,Honey,657,62,45.0
1537,Pink,658,13,36.0
1538,Pink,659,13,35.0
1539,Dervish,659,113,53.0
1540,Dervish,660,113,53.0
1541,Gold,660,452,53.0
1542,Tabby,663,38,65.0
1543,Honey,663,73,61.0
1544,Boom,663,61,44.0
1545,Puddle,663,65,49.0
1546,Phosphor,664,33,49.0
1547,Rad,664,62,45.0
1548,Boom,664,61,44.0
1549,Mosaic,664,112,53.0
1550,Saber,664,101,65.0
1551,Pink,665,16,53.0
1552,Phosphor,665,33,52.0
1553,Crystal,665,81,44.0
1554,Hunter,665,98,62.0
1555,Tangle,665,138,74.0
1556,Pink,666,16,57.0
1557,Rock,666,30,42.0
1558,Crystal,666,81,44.0
1559,Pink,667,16,54.0
1560,Quantum,667,95,58.0
1561,Pink,672,15,46.0
1562,Tabby,672,35,58.0
1563,Honey,672,67,52.0
1564,Dervish,672,108,49.0
1565,Saber,672,97,60.0
1566,Gold,672,431,49.0
1567,Pink,673,15,48.0
1568,Tabby,673,35,58.0
1569,Rad,673,77,67.0
1570,Puddle,673,76,64.0
1571,Fire,673,72,59.0
1572,Hunter,673,92,55.0
1573,Mosaic,673,120,60.0
1574,Pink,674,15,46.0
1575,Phosphor,674,35,57.0
1576,Boom,674,69,54.0
1577,Fire,674,72,59.0
1578,Crystal,674,94,57.0
1579,Tangle,674,125,63.0
1580,Rock,675,31,46.0
1581,Phosphor,675,35,56.0
1582,Mosaic,682,82,27.0
1583,Rad,683,61,43.0
1584,Honey,683,64,48.0
1585,Crystal,683,89,52.0
1586,Mosaic,683,82,27.0
1587,Rock,684,28,36.0
1588,Rad,684,61,44.0
1589,Tabby,685,31,45.0
1590,Rad,685,61,44.0
1591,Tabby,686,31,46.0
1592,Boom,686,59,40.0
1593,Tabby,687,31,46.0
1594,Dervish,687,113,53.0
1595,Hunter,687,92,55.0
1596,Mosaic,687,90,34.0
1597,Gold,687,452,53.0
1598,Tabby,688,31,45.0
1599,Hunter,688,92,55.0
1600,Fire,689,75,63.0
1601,Saber,689,98,61.0
1602,Honey,690,72,60.0
1603,Fire,690,75,63.0
1604,Saber,690,98,61.0
1605,Phosphor,691,37,63.0
1606,Puddle,691,77,66.0
1607,Crystal,691,106,69.0
1608,Phosphor,692,37,63.0
1609,Tangle,692,136,73.0
1610,Pink,693,16,53.0
1611,Rock,693,39,69.0
1612,Rad,693,66,50.0
1613,Boom,693,65,50.0
1614,Quantum,693,105,68.0
1615,Dervish,693,109,50.0
1616,Mosaic,693,106,47.0
1617,Gold,693,436,50.0
1618,Pink,694,16,54.0
1619,Puddle,697,57,38.0
1620,Crystal,697,82,44.0
1621,Hunter,697,83,45.0
1622,Puddle,698,57,39.0
1623,Fire,698,67,52.0
1624,Crystal,698,82,45.0
1625,Hunter,698,83,46.0
1626,Rock,704,26,31.0
1627,Tabby,704,27,33.0
1628,Rad,704,57,38.0
1629,Honey,704,46,23.0
1630,Fire,704,56,37.0
1631,Tangle,704,85,30.0
1632,Rock,705,26,31.0
1633,Boom,705,55,35.0
1634,Puddle,705,60,42.0
1635,Crystal,705,85,48.0
1636,Mosaic,705,101,44.0
1637,Tangle,705,85,30.0
1638,Saber,705,67,28.0
1639,Phosphor,706,30,43.0
1640,Quantum,706,77,40.0
1641,Phosphor,707,30,43.0
1642,Quantum,707,77,39.0
1643,Phosphor,708,30,41.0
1644,Puddle,712,73,61.0
1645,Puddle,713,73,61.0
1646,Pink,714,20,78.0
1647,Tabby,714,31,45.0
1648,Rad,714,75,63.0
1649,Mosaic,714,140,75.0
1650,Pink,715,20,81.0
1651,Phosphor,715,44,80.0
1652,Rad,715,75,63.0
1653,Honey,715,87,80.0
1654,Hunter,715,109,72.0
1655,Mosaic,715,140,76.0
1656,Saber,715,118,82.0
1657,Pink,716,20,76.0
1658,Rock,716,48,92.0
1659,Tabby,716,31,44.0
1660,Boom,716,65,50.0
1661,Quantum,716,101,65.0
1662,Tangle,716,159,92.0
1663,Fire,717,85,77.0
1664,Crystal,717,80,43.0
1665,Dervish,717,130,67.0
1666,Gold,717,519,67.0
1667,Boom,722,63,47.0
1668,Mosaic,722,128,66.0
1669,Rock,723,38,65.0
1670,Phosphor,723,35,55.0
1671,Boom,723,63,47.0
1672,Quantum,723,101,64.0
1673,Mosaic,723,128,66.0
1674,Pink,724,20,76.0
1675,Rock,724,38,64.0
1676,Tabby,724,44,81.0
1677,Rad,724,77,66.0
1678,Dervish,724,118,57.0
1679,Gold,724,472,57.0
1680,Phosphor,725,35,57.0
1681,Fire,725,73,61.0
1682,Crystal,725,103,67.0
1683,Hunter,725,116,80.0
1684,Tangle,725,126,64.0
1685,Saber,725,103,67.0
1686,Phosphor,726,35,56.0
1687,Puddle,726,70,56.0
1688,Fire,726,73,61.0
1689,Phosphor,727,35,55.0
1690,Puddle,727,70,57.0
1691,Phosphor,728,35,55.0
1692,Boom,728,62,45.0
1693,Puddle,728,70,56.0
1694,Mosaic,728,123,61.0
1695,Phosphor,729,35,56.0
1696,Honey,729,73,60.0
1697,Boom,729,62,45.0
1698,Mosaic,729,123,62.0
1699,Dervish,730,93,36.0
1700,Gold,730,370,36.0
1701,Rock,731,37,61.0
1702,Crystal,731,73,35.0
1703,Tangle,731,122,61.0
1704,Crystal,732,73,35.0
1705,Quantum,732,76,38.0
1706,Pink,733,13,35.0
1707,Pink,734,13,35.0
1708,Rad,735,72,59.0
1709,Rad,736,72,60.0
1710,Rad,737,72,60.0
1711,Phosphor,738,38,64.0
1712,Tabby,738,33,51.0
1713,Boom,738,69,55.0
1714,Dervish,738,109,50.0
1715,Hunter,738,91,54.0
1716,Tabby,739,33,52.0
1717,Boom,739,69,55.0
1718,Puddle,739,70,57.0
1719,Fire,739,76,65.0
1720,Dervish,739,109,50.0
1721,Hunter,739,91,54.0
1722,Saber,739,114,78.0
1723,Gold,739,436,50.0
1724,Rock,740,35,57.0
1725,Tabby,740,33,52.0
1726,Fire,740,76,65.0
1727,Crystal,740,85,48.0
1728,Mosaic,740,104,46.0
1729,Tangle,740,111,52.0
1730,Pink,741,17,61.0
1731,Tabby,741,33,51.0
1732,Crystal,741,85,48.0
1733,Quantum,741,99,62.0
1734,Mosaic,741,104,46.0
1735,Pink,742,17,59.0
1736,Tabby,742,33,50.0
1737,Honey,746,76,65.0
1738,Honey,747,76,65.0
1739,Boom,747,75,64.0
1740,Puddle,747,79,68.0
1741,Saber,747,100,63.0
1742,Fire,748,78,67.0
1743,Crystal,748,99,62.0
1744,Quantum,748,86,49.0
1745,Dervish,748,137,73.0
1746,Tangle,748,117,56.0
1747,Gold,748,547,73.0
1748,Pink,749,16,52.0
1749,Phosphor,749,39,67.0
1750,Fire,749,78,68.0
1751,Crystal,749,99,62.0
1752,Phosphor,750,39,68.0
1753,Mosaic,750,128,65.0
1754,Phosphor,751,39,66.0
1755,Rad,751,65,49.0
1756,Pink,752,16,51.0
1757,Phosphor,752,39,66.0
1758,Pink,753,16,54.0
1759,Hunter,753,89,51.0
1760,Saber,753,103,67.0
1761,Pink,754,16,55.0
1762,Rock,754,34,54.0
1763,Tabby,754,37,61.0
1764,Honey,754,70,56.0
1765,Boom,754,65,50.0
1766,Saber,754,103,66.0
1767,Pink,755,16,52.0
1768,Rock,755,34,55.0
1769,Tabby,755,37,63.0
1770,Rock,756,34,53.0
1771,Tabby,756,37,61.0
1772,Rad,756,61,43.0
1773,Puddle,756,73,60.0
1774,Crystal,756,94,57.0
1775,Rad,757,61,44.0
1776,Honey,757,69,55.0
1777,Quantum,757,86,49.0
1778,Honey,758,69,54.0
1779,Quantum,758,86,48.0
1780,Dervish,758,92,36.0
1781,Tangle,758,98,41.0
1782,Dervish,759,92,36.0
1783,Gold,759,368,36.0
1784,Saber,764,67,29.0
1785,Pink,765,14,42.0
1786,Phosphor,765,34,53.0
1787,Puddle,765,65,49.0
1788,Hunter,765,84,46.0
1789,Tangle,765,84,29.0
1790,Saber,765,67,29.0
1791,Pink,766,14,44.0
1792,Phosphor,766,34,55.0
1793,Tabby,766,30,41.0
1794,Fire,766,56,37.0
1795,Quantum,766,93,56.0
1796,Pink,767,14,40.0
1797,Rock,767,31,46.0
1798,Tabby,767,30,42.0
1799,Rad,767,50,28.0
1800,Honey,767,56,37.0
1801,Boom,767,51,30.0
1802,Mosaic,767,108,49.0
1803,Rock,768,31,45.0
1804,Hunter,771,71,33.0
1805,Quantum,772,68,30.0
1806,Dervish,772,113,54.0
1807,Hunter,772,71,33.0
1808,Tangle,772,88,33.0
1809,Gold,772,454,54.0
1810,Boom,773,58,40.0
1811,Puddle,773,58,39.0
1812,Fire,773,65,49.0
1813,Crystal,773,83,46.0
1814,Rock,774,30,42.0
1815,Phosphor,774,35,55.0
1816,Rad,774,45,22.0
1817,Honey,774,60,42.0
1818,Rock,775,30,42.0
1819,Honey,775,60,42.0
1820,Mosaic,775,85,30.0
1821,Rock,776,30,41.0
1822,Mosaic,776,85,30.0
1823,Tabby,777,33,50.0
1824,Mosaic,777,85,30.0
1825,Tabby,778,33,51.0
1826,Hunter,778,74,37.0
1827,Pink,779,14,41.0
1828,Tabby,779,33,51.0
1829,Honey,779,64,48.0
1830,Quantum,779,74,37.0
1831,Saber,779,83,46.0
1832,Rad,780,56,37.0
1833,Boom,780,53,32.0
1834,Fire,780,56,37.0
1835,Dervish,780,82,28.0
1836,Tangle,780,92,36.0
1837,Saber,780,83,46.0
1838,Gold,780,329,28.0
1839,Dervish,781,82,28.0
1840,Gold,781,329,28.0
1841,Puddle,786,65,50.0
1842,Tabby,787,28,36.0
1843,Hunter,787,78,40.0
1844,Mosaic,787,101,43.0
1845,Tangle,787,87,32.0
1846,Crystal,788,79,41.0
1847,Tangle,788,87,32.0
1848,Crystal,789,79,42.0
1849,Rock,793,31,45.0
1850,Phosphor,793,25,28.0
1851,Rad,793,57,38.0
1852,Boom,793,64,47.0
1853,Fire,793,64,47.0
1854,Dervish,793,106,48.0
1855,Gold,793,424,48.0
1856,Phosphor,794,25,30.0
1857,Rad,794,57,38.0
1858,Saber,794,83,46.0
1859,Pink,795,15,47.0
1860,Phosphor,795,25,28.0
1861,Puddle,795,64,48.0
1862,Pink,796,15,49.0
1863,Puddle,796,64,48.0
1864,Pink,797,15,48.0
1865,Tabby,797,36,58.0
1866,Crystal,797,100,64.0
1867,Quantum,797,91,54.0
1868,Hunter,797,74,36.0
1869,Pink,798,15,46.0
1870,Tabby,798,36,61.0
1871,Honey,798,70,56.0
1872,Quantum,798,91,54.0
1873,Hunter,798,74,37.0
1874,Mosaic,798,117,56.0
1875,Tangle,798,121,60.0
1876,Tabby,799,36,60.0
1877,Honey,799,70,57.0
1878,Fire,799,63,46.0
1879,Hunter,799,74,36.0
1880,Saber,799,95,58.0
1881,Tabby,800,36,58.0
1882,Fire,800,63,47.0
1883,Rad,802,82,72.0
1884,Tabby,804,37,61.0
1885,Puddle,804,74,62.0
1886,Crystal,804,107,71.0
1887,Hunter,804,85,48.0
1888,Tangle,804,129,66.0
1889,Rock,805,37,62.0
1890,Phosphor,805,30,42.0
1891,Boom,805,71,57.0
1892,Dervish,805,98,41.0
1893,Mosaic,805,121,60.0
1894,Gold,805,393,41.0
1895,Phosphor,806,30,42.0
1896,Boom,806,71,57.0
1897,Fire,806,75,63.0
1898,Rock,811,32,48.0
1899,Rad,811,72,59.0
1900,Boom,811,71,57.0
1901,Mosaic,811,125,64.0
1902,Tangle,811,101,43.0
1903,Tabby,812,32,49.0
1904,Puddle,812,66,51.0
1905,Fire,812,68,53.0
1906,Crystal,812,85,47.0
1907,Quantum,812,95,59.0
1908,Dervish,812,113,53.0
1909,Saber,812,92,55.0
1910,Gold,812,450,53.0
1911,Tabby,813,32,49.0
1912,Puddle,813,66,51.0
1913,Quantum,813,95,58.0
1914,Hunter,813,89,52.0
1915,Saber,813,92,55.0
1916,Boom,816,70,56.0
1917,Phosphor,817,31,45.0
1918,Boom,817,70,57.0
1919,Phosphor,818,31,46.0
1920,Boom,818,70,57.0
1921,Puddle,818,64,47.0
1922,Dervish,818,113,53.0
1923,Gold,818,451,53.0
1924,Rock,819,28,38.0
1925,Phosphor,819,31,46.0
1926,Honey,819,77,66.0
1927,Puddle,819,64,47.0
1928,Crystal,819,91,54.0
1929,Rock,820,28,38.0
1930,Phosphor,820,31,44.0
1931,Rad,820,60,43.0
1932,Crystal,820,91,54.0
1933,Quantum,820,87,49.0
1934,Mosaic,820,121,60.0
1935,Tangle,820,116,56.0
1936,Fire,821,56,37.0
1937,Saber,821,92,55.0
1938,Hunter,822,95,58.0
1939,Saber,822,92,55.0
1940,Hunter,823,95,58.0
1941,Boom,824,65,49.0
1942,Puddle,824,66,50.0
1943,Quantum,825,82,44.0
1944,Rock,826,29,39.0
1945,Phosphor,826,32,48.0
1946,Dervish,826,93,37.0
1947,Gold,826,372,37.0
1948,Phosphor,827,32,48.0
1949,Fire,827,49,27.0
1950,Dervish,827,93,36.0
1951,Pink,833,17,59.0
1952,Tabby,833,31,44.0
1953,Pink,834,17,62.0
1954,Rock,834,32,47.0
1955,Tabby,834,31,46.0
1956,Hunter,834,102,66.0
1957,Pink,835,17,62.0
1958,Rock,835,32,47.0
1959,Phosphor,835,41,73.0
1960,Tabby,835,31,44.0
1961,Honey,835,74,62.0
1962,Boom,835,59,41.0
1963,Puddle,835,59,40.0
1964,Crystal,835,92,55.0
1965,Mosaic,835,132,69.0
1966,Saber,835,95,58.0
1967,Pink,836,17,61.0
1968,Honey,836,74,63.0
1969,Boom,836,59,41.0
1970,Fire,836,80,71.0
1971,Crystal,836,92,55.0
1972,Dervish,836,119,58.0
1973,Tangle,836,126,64.0
1974,Gold,836,477,58.0
1975,Quantum,837,90,53.0
1976,Quantum,841,89,52.0
1977,Pink,842,17,59.0
1978,Tabby,842,31,44.0
1979,Quantum,842,89,52.0
1980,Pink,843,17,62.0
1981,Honey,843,75,63.0
1982,Quantum,843,89,52.0
1983,Dervish,843,96,39.0
1984,Saber,843,99,62.0
1985,Gold,843,385,39.0
1986,Pink,844,17,61.0
1987,Dervish,844,96,39.0
1988,Saber,844,99,62.0
1989,Gold,844,385,39.0
1990,Pink,845,17,59.0
1991,Rock,845,42,75.0
1992,Phosphor,845,35,57.0
1993,Rad,845,80,70.0
1994,Boom,845,76,65.0
1995,Puddle,845,72,59.0
1996,Crystal,845,103,66.0
1997,Hunter,845,96,59.0
1998,Tangle,845,126,64.0
1999,Phosphor,846,35,56.0
2000,Puddle,846,72,59.0
2001,Crystal,846,103,67.0
2002,Tabby,847,31,45.0
2003,Pink,848,17,58.0
2004,Tabby,848,31,45.0
2005,Pink,849,17,59.0
2006,Tabby,849,31,45.0
2007,Tabby,850,31,44.0
2008,Puddle,852,66,51.0
2009,Hunter,855,90,53.0
2010,Hunter,856,90,53.0
2011,Mosaic,856,109,50.0
2012,Crystal,857,99,62.0
2013,Quantum,857,92,56.0
2014,Mosaic,857,109,50.0
2015,Saber,857,91,54.0
2016,Pink,858,14,42.0
2017,Rad,858,59,41.0
2018,Honey,858,69,54.0
2019,Boom,858,57,38.0
2020,Quantum,858,92,55.0
2021,Pink,859,14,44.0
2022,Rad,859,59,41.0
2023,Boom,859,57,39.0
2024,Pink,860,14,44.0
2025,Rock,860,36,58.0
2026,Fire,860,70,56.0
2027,Dervish,860,103,45.0
2028,Tangle,860,102,44.0
2029,Gold,860,413,45.0
2030,Pink,861,14,40.0
2031,Phosphor,861,30,41.0
2032,Tabby,861,33,50.0
2033,Tangle,861,102,44.0
2034,Hunter,862,89,52.0
2035,Mosaic,866,118,57.0
2036,Rock,867,40,69.0
2037,Tabby,867,37,61.0
2038,Phosphor,868,32,48.0
2039,Rad,868,74,62.0
2040,Honey,868,61,44.0
2041,Boom,868,70,56.0
2042,Dervish,868,135,71.0
2043,Saber,868,86,48.0
2044,Gold,868,539,71.0
2045,Pink,869,16,52.0
2046,Rad,869,74,62.0
2047,Puddle,869,78,68.0
2048,Fire,869,64,48.0
2049,Crystal,869,92,55.0
2050,Pink,870,16,52.0
2051,Quantum,870,104,68.0
2052,Tangle,873,115,55.0
2053,Boom,874,67,52.0
2054,Crystal,874,93,56.0
2055,Tangle,874,115,55.0
2056,Rock,875,38,66.0
2057,Boom,875,67,52.0
2058,Hunter,875,86,49.0
2059,Mosaic,875,103,45.0
2060,Saber,875,99,62.0
2061,Tabby,876,28,38.0
2062,Rad,876,74,62.0
2063,Fire,876,74,62.0
2064,Hunter,876,86,49.0
2065,Mosaic,876,103,45.0
2066,Tabby,877,28,37.0
2067,Phosphor,880,35,56.0
2068,Phosphor,881,35,56.0
2069,Pink,882,14,42.0
2070,Honey,882,63,46.0
2071,Fire,882,65,49.0
2072,Crystal,882,77,40.0
2073,Pink,883,14,44.0
2074,Fire,883,65,49.0
2075,Crystal,883,77,39.0
2076,Quantum,883,82,45.0
2077,Saber,883,101,64.0
2078,Pink,884,14,44.0
2079,Boom,884,67,52.0
2080,Puddle,884,75,63.0
2081,Quantum,884,82,44.0
2082,Pink,885,14,43.0
2083,Dervish,885,109,50.0
2084,Hunter,885,85,48.0
2085,Gold,885,437,50.0
2086,Pink,886,14,43.0
2087,Rock,886,36,60.0
2088,Tabby,886,35,55.0
2089,Rad,886,59,42.0
2090,Dervish,886,109,50.0
2091,Hunter,886,85,48.0
2092,Mosaic,886,124,62.0
2093,Pink,887,14,42.0
2094,Rock,887,36,59.0
2095,Rad,887,59,41.0
2096,Tangle,887,116,56.0
2097,Pink,888,14,40.0
2098,Fire,889,62,45.0
2099,Phosphor,892,30,41.0
2100,Phosphor,893,30,41.0
2101,Tabby,893,29,40.0
2102,Honey,893,58,39.0
2103,Boom,893,61,43.0
2104,Quantum,893,93,56.0
2105,Hunter,893,81,43.0
2106,Rock,894,31,46.0
2107,Tabby,894,29,39.0
2108,Quantum,894,93,56.0
2109,Saber,894,82,44.0
2110,Crystal,895,67,29.0
2111,Mosaic,895,99,42.0
2112,Rad,896,60,42.0
2113,Crystal,896,67,29.0
2114,Fire,897,62,45.0
2115,Honey,898,54,33.0
2116,Hunter,900,63,24.0
2117,Hunter,901,63,25.0
2118,Rock,902,27,33.0
2119,Rad,905,53,33.0
2120,Puddle,905,53,32.0
2121,Tabby,906,31,45.0
2122,Rad,906,53,33.0
2123,Honey,906,57,39.0
2124,Boom,906,64,48.0
2125,Puddle,906,53,33.0
2126,Fire,906,65,49.0
2127,Mosaic,906,99,41.0
2128,Tangle,906,114,54.0
2129,Tabby,907,31,46.0
2130,Fire,907,65,49.0
2131,Crystal,907,82,45.0
2132,Quantum,907,85,47.0
2133,Saber,907,78,40.0
2134,Crystal,908,82,44.0
2135,Hunter,908,72,34.0
2136,Pink,911,14,41.0
2137,Pink,912,14,43.0
2138,Rock,912,35,56.0
2139,Quantum,912,85,47.0
2140,Dervish,912,103,45.0
2141,Pink,913,14,40.0
2142,Rad,913,65,50.0
2143,Boom,913,68,53.0
2144,Quantum,913,85,47.0
2145,Dervish,913,103,45.0
2146,Mosaic,913,100,42.0
2147,Tangle,913,118,57.0
2148,Saber,913,90,53.0
2149,Gold,913,414,45.0
2150,Rad,914,65,49.0
2151,Honey,914,65,49.0
2152,Puddle,914,81,71.0
2153,Fire,914,72,59.0
2154,Crystal,914,102,66.0
2155,Mosaic,914,100,42.0
2156,Saber,914,90,53.0
2157,Phosphor,915,36,60.0
2158,Hunter,915,81,43.0
2159,Saber,915,90,53.0
2160,Phosphor,916,36,59.0
2161,Tabby,916,33,51.0
2162,Tabby,917,33,50.0
2163,Crystal,922,66,28.0
2164,Rock,923,30,42.0
2165,Tabby,923,29,39.0
2166,Rad,923,73,60.0
2167,Crystal,923,66,28.0
2168,Phosphor,924,34,53.0
2169,Puddle,924,67,52.0
2170,Dervish,924,119,58.0
2171,Tangle,924,107,48.0
2172,Saber,924,88,51.0
2173,Gold,924,474,58.0
2174,Honey,925,74,62.0
2175,Fire,925,64,48.0
2176,Mosaic,925,118,57.0
2177,Tangle,925,107,48.0
2178,Hunter,926,84,46.0
2179,Boom,927,76,64.0
2180,Crystal,927,70,32.0
2181,Hunter,927,84,47.0
2182,Crystal,928,70,32.0
2183,Pink,930,18,65.0
2184,Pink,931,18,66.0
2185,Pink,932,18,65.0
2186,Pink,933,18,63.0
2187,Rad,933,66,50.0
2188,Quantum,933,107,71.0
2189,Dervish,933,109,50.0
2190,Saber,933,93,56.0
2191,Gold,933,436,50.0
2192,Phosphor,934,38,64.0
2193,Tabby,934,31,44.0
2194,Rad,934,66,51.0
2195,Honey,934,78,68.0
2196,Puddle,934,68,54.0
2197,Fire,934,64,48.0
2198,Crystal,934,94,57.0
2199,Rock,935,33,51.0
2200,Hunter,935,115,79.0
2201,Mosaic,935,128,66.0
2202,Tangle,935,119,58.0
2203,Rock,936,33,50.0
2204,Pink,941,15,47.0
2205,Quantum,941,88,51.0
2206,Pink,942,15,47.0
2207,Honey,942,57,38.0
2208,Quantum,942,88,51.0
2209,Pink,943,15,46.0
2210,Quantum,943,88,51.0
2211,Tangle,943,115,55.0
2212,Phosphor,944,36,58.0
2213,Crystal,944,94,57.0
2214,Quantum,944,88,51.0
2215,Phosphor,945,36,60.0
2216,Puddle,945,83,75.0
2217,Crystal,945,94,57.0
2218,Dervish,945,138,74.0
2219,Hunter,945,98,61.0
2220,Gold,945,553,74.0
2221,Phosphor,946,36,59.0
2222,Tabby,946,42,75.0
2223,Hunter,946,98,61.0
2224,Saber,946,94,57.0
2225,Tabby,947,42,76.0
2226,Rad,948,65,49.0
2227,Boom,948,73,61.0
2228,Fire,948,67,52.0
2229,Rock,949,32,47.0
2230,Boom,949,73,61.0
2231,Rock,950,32,47.0
2232,Mosaic,953,110,51.0
2233,Saber,953,70,32.0
2234,Honey,954,76,64.0
2235,Crystal,954,106,70.0
2236,Crystal,955,106,70.0
2237,Pink,956,17,58.0
2238,Rock,956,39,68.0
2239,Puddle,956,65,50.0
2240,Pink,957,17,58.0
2241,Rock,957,39,67.0
2242,Boom,957,70,56.0
2243,Fire,957,68,54.0
2244,Tangle,957,124,62.0
2245,Phosphor,958,34,52.0
2246,Rad,958,83,74.0
2247,Boom,958,70,56.0
2248,Fire,958,68,53.0
2249,Tangle,958,124,62.0
2250,Phosphor,959,34,52.0
2251,Rad,959,83,74.0
2252,Pink,960,17,60.0
2253,Crystal,960,106,70.0
2254,Pink,961,17,61.0
2255,Quantum,961,102,65.0
2256,Dervish,961,116,56.0
2257,Hunter,961,99,63.0
2258,Saber,961,85,48.0
2259,Gold,961,464,56.0
2260,Pink,962,17,59.0
2261,Rock,962,34,53.0
2262,Tabby,962,39,68.0
2263,Puddle,962,59,41.0
2264,Mosaic,962,120,59.0
2265,Saber,962,85,48.0
2266,Rock,963,34,53.0
2267,Puddle,963,59,41.0
2268,Phosphor,966,32,48.0
2269,Phosphor,967,32,49.0
2270,Phosphor,968,32,49.0
2271,Pink,969,16,52.0
2272,Phosphor,969,32,47.0
2273,Honey,969,69,55.0
2274,Pink,970,16,56.0
2275,Honey,970,69,55.0
2276,Crystal,970,92,55.0
2277,Pink,971,16,56.0
2278,Fire,971,62,45.0
2279,Crystal,971,92,55.0
2280,Mosaic,971,96,39.0
2281,Pink,972,16,52.0
2282,Mosaic,972,96,40.0
2283,Rad,973,76,65.0
2284,Puddle,973,72,60.0
2285,Dervish,973,123,61.0
2286,Hunter,973,89,52.0
2287,Gold,973,491,61.0
2288,Tabby,974,34,53.0
2289,Hunter,974,89,52.0
2290,Saber,974,82,45.0
2291,Boom,975,67,52.0
2292,Tangle,975,102,44.0
2293,Honey,976,71,57.0
2294,Tangle,976,102,44.0
2295,Tangle,977,102,44.0
2296,Rock,978,39,67.0
2297,Fire,978,58,40.0
2298,Quantum,978,100,63.0
2299,Tangle,978,102,44.0
2300,Rock,979,39,68.0
2301,Phosphor,979,28,36.0
2302,Mosaic,979,107,48.0
2303,Rad,980,72,59.0
2304,Pink,981,17,58.0
2305,Pink,982,17,58.0
2306,Pink,983,17,59.0
2307,Pink,984,17,58.0
2308,Dervish,984,126,65.0
2309,Tangle,984,110,51.0
2310,Gold,984,506,65.0
2311,Tabby,985,36,58.0
2312,Honey,985,77,67.0
2313,Crystal,985,99,63.0
2314,Quantum,985,105,69.0
2315,Dervish,985,126,65.0
2316,Hunter,985,97,60.0
2317,Tangle,985,110,51.0
2318,Saber,985,96,59.0
2319,Gold,985,506,65.0
2320,Phosphor,986,28,38.0
2321,Rad,986,79,69.0
2322,Boom,986,60,42.0
2323,Crystal,986,99,62.0
2324,Hunter,986,97,60.0
2325,Mosaic,986,105,47.0
2326,Phosphor,987,28,38.0
2327,Puddle,987,74,62.0
2328,Fire,987,69,55.0
2329,Hunter,987,97,60.0
2330,Puddle,988,74,62.0
2331,Fire,988,69,54.0
2332,Saber,992,78,40.0
2333,Rad,993,56,37.0
2334,Saber,993,78,40.0
2335,Dervish,994,86,31.0
2336,Tangle,994,109,50.0
2337,Gold,994,343,31.0
2338,Pink,995,14,43.0
2339,Boom,995,70,56.0
2340,Fire,995,74,62.0
2341,Tangle,995,109,50.0
2342,Pink,996,14,45.0
2343,Quantum,996,82,45.0
2344,Pink,997,14,43.0
